<?xml version="1.0" encoding="UTF-8" ?>
<XMLDB PATH="mod/bookking/db" VERSION="20190320" COMMENT="XMLDB file for Moodle mod/bookking"
    xmlns:xsi="http://www.w3.org/2001/XMLSchema-instance"
    xsi:noNamespaceSchemaLocation="../../../lib/xmldb/xmldb.xsd"
>

  <TABLES>
    <TABLE NAME="scheduler" COMMENT="Scheduler instances">
      <FIELDS>
        <FIELD NAME="id" TYPE="int" LENGTH="10" NOTNULL="true" SEQUENCE="true"/>
        <FIELD NAME="course" TYPE="int" LENGTH="10" NOTNULL="true" DEFAULT="0" SEQUENCE="false"/>
        <FIELD NAME="name" TYPE="char" LENGTH="255" NOTNULL="true" SEQUENCE="false"/>
        <FIELD NAME="intro" TYPE="text" NOTNULL="true" SEQUENCE="false"/>
        <FIELD NAME="introformat" TYPE="int" LENGTH="4" NOTNULL="true" DEFAULT="0" SEQUENCE="false"/>
        <FIELD NAME="schedulermode" TYPE="char" LENGTH="10" NOTNULL="false" SEQUENCE="false"/>
        <FIELD NAME="maxbookings" TYPE="int" LENGTH="10" NOTNULL="true" DEFAULT="1" SEQUENCE="false"/>
        <FIELD NAME="guardtime" TYPE="int" LENGTH="10" NOTNULL="true" DEFAULT="0" SEQUENCE="false"/>
        <FIELD NAME="reuseguardtime" TYPE="int" LENGTH="10" NOTNULL="false" SEQUENCE="false" COMMENT="legacy"/>
        <FIELD NAME="defaultslotduration" TYPE="int" LENGTH="4" NOTNULL="false" DEFAULT="15" SEQUENCE="false"/>
        <FIELD NAME="allownotifications" TYPE="int" LENGTH="4" NOTNULL="true" DEFAULT="0" SEQUENCE="false"/>
        <FIELD NAME="staffrolename" TYPE="char" LENGTH="255" NOTNULL="true" SEQUENCE="false"/>
        <FIELD NAME="scale" TYPE="int" LENGTH="10" NOTNULL="true" DEFAULT="0" SEQUENCE="false"/>
        <FIELD NAME="gradingstrategy" TYPE="int" LENGTH="2" NOTNULL="true" DEFAULT="0" SEQUENCE="false"/>
        <FIELD NAME="bookingrouping" TYPE="int" LENGTH="10" NOTNULL="true" DEFAULT="-1" SEQUENCE="false"/>
        <FIELD NAME="timemodified" TYPE="int" LENGTH="10" NOTNULL="true" DEFAULT="0" SEQUENCE="false"/>
      </FIELDS>
      <KEYS>
        <KEY NAME="primary" TYPE="primary" FIELDS="id" COMMENT="Primary key for scheduler"/>
      </KEYS>
    </TABLE>
    <TABLE NAME="scheduler_slots" COMMENT="Scheduler slots">
      <FIELDS>
        <FIELD NAME="id" TYPE="int" LENGTH="10" NOTNULL="true" SEQUENCE="true"/>
        <FIELD NAME="schedulerid" TYPE="int" LENGTH="10" NOTNULL="true" DEFAULT="0" SEQUENCE="false"/>
        <FIELD NAME="starttime" TYPE="int" LENGTH="10" NOTNULL="true" DEFAULT="0" SEQUENCE="false"/>
        <FIELD NAME="duration" TYPE="int" LENGTH="10" NOTNULL="true" DEFAULT="0" SEQUENCE="false"/>
        <FIELD NAME="teacherid" TYPE="int" LENGTH="11" NOTNULL="false" DEFAULT="0" SEQUENCE="false"/>
        <FIELD NAME="appointmentlocation" TYPE="char" LENGTH="255" NOTNULL="true" SEQUENCE="false"/>
	<FIELD NAME="reuse" TYPE="int" LENGTH="5" NOTNULL="false" DEFAULT="0" SEQUENCE="false" COMMENT="legacy"/>
        <FIELD NAME="timemodified" TYPE="int" LENGTH="10" NOTNULL="true" DEFAULT="0" SEQUENCE="false"/>
        <FIELD NAME="notes" TYPE="text" NOTNULL="false" SEQUENCE="false"/>
        <FIELD NAME="notesformat" TYPE="int" LENGTH="4" NOTNULL="true" DEFAULT="0" SEQUENCE="false"/>
        <FIELD NAME="exclusivity" TYPE="int" LENGTH="4" NOTNULL="true" DEFAULT="1" SEQUENCE="false"/>
        <FIELD NAME="appointmentnote" TYPE="text" NOTNULL="false" SEQUENCE="false"/>
        <FIELD NAME="emaildate" TYPE="int" LENGTH="11" NOTNULL="false" DEFAULT="0" SEQUENCE="false"/>
        <FIELD NAME="hideuntil" TYPE="int" LENGTH="11" NOTNULL="false" DEFAULT="0" SEQUENCE="false"/>
      </FIELDS>
      <KEYS>
        <KEY NAME="primary" TYPE="primary" FIELDS="id" COMMENT="Primary key for scheduler_slots"/>
      </KEYS>
      <INDEXES>
        <INDEX NAME="schedulerid-teacherid" UNIQUE="false" FIELDS="schedulerid, teacherid" COMMENT="By scheduler id, then teacher id"/>
      </INDEXES>
    </TABLE>
    <TABLE NAME="scheduler_appointment" COMMENT="Scheduler appointments">
      <FIELDS>
        <FIELD NAME="id" TYPE="int" LENGTH="11" NOTNULL="true" SEQUENCE="true"/>
        <FIELD NAME="slotid" TYPE="int" LENGTH="11" NOTNULL="true" SEQUENCE="false"/>
        <FIELD NAME="studentid" TYPE="int" LENGTH="11" NOTNULL="true" SEQUENCE="false"/>
        <FIELD NAME="attended" TYPE="int" LENGTH="4" NOTNULL="true" SEQUENCE="false"/>
        <FIELD NAME="grade" TYPE="int" LENGTH="4" NOTNULL="false" SEQUENCE="false"/>
        <FIELD NAME="appointmentnote" TYPE="text" NOTNULL="false" SEQUENCE="false"/>
        <FIELD NAME="appointmentnoteformat" TYPE="int" LENGTH="4" NOTNULL="true" DEFAULT="0" SEQUENCE="false"/>
        <FIELD NAME="timecreated" TYPE="int" LENGTH="11" NOTNULL="false" SEQUENCE="false"/>
        <FIELD NAME="timemodified" TYPE="int" LENGTH="11" NOTNULL="false" SEQUENCE="false"/>
      </FIELDS>
      <KEYS>
        <KEY NAME="primary" TYPE="primary" FIELDS="id" COMMENT="Primary key for scheduler_appointment"/>
      </KEYS>
      <INDEXES>
        <INDEX NAME="slotid" UNIQUE="false" FIELDS="slotid" COMMENT="By slot id"/>
        <INDEX NAME="studentid" UNIQUE="false" FIELDS="studentid" COMMENT="By student id"/>
      </INDEXES>
    </TABLE>
  </TABLES>
</XMLDB>

